mean trough time,cv trough time
6.266666666666667,0.11985121535087406
6.9366666666666665,0.03709450803407811
6.94,0.03811410933627386
5.2,0.14328974381908388
5.123333333333333,0.15329762459687069
