mean trough time,cv trough time
6.983333333333333,0.018362720170368895
4.973333333333334,0.14972407450401204
4.43,0.14626298889781036
6.95,0.031411381207122155
