mean trough time,cv trough time
5.883333333333334,0.07796933023937598
5.746666666666667,0.10685633008418981
5.736666666666666,0.0879979949300982
4.466666666666667,0.12463575039522555
5.196666666666666,0.09136056025166694
