mean trough time,cv trough time
6.833333333333333,0.058430444597904176
5.126666666666667,0.08823841984412019
4.59,0.1276032976685298
6.346666666666667,0.07511087036106606
