mean trough time,cv trough time
6.596666666666667,0.11504089094253481
6.266666666666667,0.11878056269135866
6.316666666666666,0.12977302508736646
6.3966666666666665,0.14403022619508948
6.58,0.13618099513364812
