mean trough time,cv trough time
5.5675675675675675,0.09020944896288902
4.648648648648649,0.12641542835116618
5.297297297297298,0.08747351066349073
6.121212121212125,0.12086332300884466
