mean trough time,cv trough time
5.363636363636363,0.11279718152921103
6.077922077922079,0.12452160744848714
5.743243243243242,0.12247994400284769
4.30263157894737,0.12598992501920803
4.680000000000007,0.10034560697146445
