mean trough time,cv trough time
5.6433333333333335,0.07013288297985512
5.913333333333333,0.09913246736188942
5.19,0.09724986917965923
4.986666666666666,0.10304358642631238
4.97,0.10455035055747752
