mean trough time,cv trough time
5.663333333333333,0.06538325765718472
4.98,0.10048887424437335
4.58,0.07371378657553909
5.533333333333333,0.038637487139597984
