every,mean,variance
0.0,0.0,0.0
1.0,24.0,1.2642140468227423
2.0,47.98996655518395,1.130771475387758
3.0,72.01006711409396,1.0874403995209363
