every,mean,variance
0.0,0.0,0.0
1.0,24.033333333333335,0.8149386845039017
2.0,47.98996655518395,0.6676842270656105
3.0,71.99664429530202,0.69695839830068
