every,mean,variance
0.0,0.0,0.0
1.0,25.31338028169014,1.6717637983377287
2.0,50.618374558303884,2.938951958499362
3.0,75.92553191489361,4.382335125312334
