every,mean,variance
0.0,0.0,0.0
1.0,24.23905723905724,0.9595504595504599
2.0,48.472972972972975,1.6331653687585896
3.0,72.70508474576272,2.3583073907529113
